date,image,message
2026-07-08,1.png,"🖼️ WEDNESDAY PICTURE CHALLENGE 🖼️
Good morning everybody! 👋

📍 This week's scene: A family having breakfast in the kitchen 🍳

🎯 Try to describe what you see! Focus on:
👨‍👩‍👧 The people — who are they and how do they look?
🍞 The food and objects on the table
⏳ What is everyone doing right now? (present continuous)

🗣️ Send a voice note or video describing the picture — the more detail, the better!"
2026-07-15,2.png,"🖼️ WEDNESDAY PICTURE CHALLENGE 🖼️
Good morning everybody! 👋

📍 This week's scene: A child doing homework while the parents cook 📓

🎯 Try to describe what you see! Focus on:
🏠 The rooms and where everyone is
✍️ The actions — what is each person doing?
🧸 The objects you can see around them

🗣️ Send a voice note or video describing the picture — the more detail, the better!"
2026-07-22,3.png,"🖼️ WEDNESDAY PICTURE CHALLENGE 🖼️
Good morning everybody! 👋

📍 This week's scene: Friends having a picnic in a park 🧺

🎯 Try to describe what you see! Focus on:
🥪 The food and drinks they brought
☀️ The weather and the setting
😄 The relationships — how do these people know each other?

🗣️ Send a voice note or video describing the picture — the more detail, the better!"
2026-07-29,4.png,"🖼️ WEDNESDAY PICTURE CHALLENGE 🖼️
Good morning everybody! 👋

📍 This week's scene: A busy supermarket full of shoppers 🛒

🎯 Try to describe what you see! Focus on:
🛒 Shopping vocabulary — aisles, trolleys, checkout
🔢 Quantities — how much / how many of each thing?
🧑‍🤝‍🧑 What are the shoppers doing right now?

🗣️ Send a voice note or video describing the picture — the more detail, the better!"
2026-08-05,5.png,"🖼️ WEDNESDAY PICTURE CHALLENGE 🖼️
Good morning everybody! 👋

📍 This week's scene: A classroom during a lesson 🏫

🎯 Try to describe what you see! Focus on:
📚 School vocabulary — desks, board, students, teacher
📍 Positions — who is sitting where? (next to, behind, in front of)
✍️ What is happening in the lesson right now?

🗣️ Send a voice note or video describing the picture — the more detail, the better!"
2026-08-12,6.png,"🖼️ WEDNESDAY PICTURE CHALLENGE 🖼️
Good morning everybody! 👋

📍 This week's scene: A public library with students studying 📖

🎯 Try to describe what you see! Focus on:
🤫 The atmosphere — how does this quiet environment feel?
📚 The objects — books, shelves, computers, tables
🧑‍🎓 What are the students doing?

🗣️ Send a voice note or video describing the picture — the more detail, the better!"
2026-08-19,7.png,"🖼️ WEDNESDAY PICTURE CHALLENGE 🖼️
Good morning everybody! 👋

📍 This week's scene: A crowded café with customers and waiters ☕

🎯 Try to describe what you see! Focus on:
🍰 Ordering food — what might people be asking for?
🗣️ The interactions between customers and waiters
🪑 What is happening around the café right now?

🗣️ Send a voice note or video describing the picture — the more detail, the better!"
2026-08-26,8.png,"🖼️ WEDNESDAY PICTURE CHALLENGE 🖼️
Good morning everybody! 👋

📍 This week's scene: An airport departure hall ✈️

🎯 Try to describe what you see! Focus on:
🧳 Travel vocabulary — luggage, gates, boarding, tickets
😟 How do the travellers feel? (excited, nervous, in a hurry…)
🏃 What is happening around the hall right now?

🗣️ Send a voice note or video describing the picture — the more detail, the better!"
2026-09-02,9.png,"🖼️ WEDNESDAY PICTURE CHALLENGE 🖼️
Good morning everybody! 👋

📍 This week's scene: A train station during rush hour 🚆

🎯 Try to describe what you see! Focus on:
🚉 Transportation vocabulary — platforms, trains, tickets
🏃 Movement — how are people moving around?
⏱️ Describe the busy, fast-paced atmosphere

🗣️ Send a voice note or video describing the picture — the more detail, the better!"
2026-09-09,10.png,"🖼️ WEDNESDAY PICTURE CHALLENGE 🖼️
Good morning everybody! 👋

📍 This week's scene: An outdoor farmers' market 🍎

🎯 Try to describe what you see! Focus on:
🌈 Colours — describe the fruits and vegetables
🍓 Food vocabulary — what's on the stalls?
🤝 Bargaining — what might buyers and sellers be saying?

🗣️ Send a voice note or video describing the picture — the more detail, the better!"
2026-09-16,11.png,"🖼️ WEDNESDAY PICTURE CHALLENGE 🖼️
Good morning everybody! 👋

📍 This week's scene: A city street after heavy rain 🌧️

🎯 Try to describe what you see! Focus on:
🌦️ The weather — describe the sky and the wet street
💧 Reflections — what can you see in the puddles?
☔ What are people doing on the street?

🗣️ Send a voice note or video describing the picture — the more detail, the better!"
2026-09-23,12.png,"🖼️ WEDNESDAY PICTURE CHALLENGE 🖼️
Good morning everybody! 👋

📍 This week's scene: A beach on a sunny afternoon 🏖️

🎯 Try to describe what you see! Focus on:
🏄 Leisure — what activities are people enjoying?
👕 Clothing — what is everyone wearing?
😎 Describe the mood and the weather

🗣️ Send a voice note or video describing the picture — the more detail, the better!"
2026-09-30,13.png,"🖼️ WEDNESDAY PICTURE CHALLENGE 🖼️
Good morning everybody! 👋

📍 This week's scene: A family celebrating a birthday 🎂

🎯 Try to describe what you see! Focus on:
🎉 Decorations — describe the room and the party
😊 Emotions — how does everyone feel?
🎁 What is happening at the celebration?

🗣️ Send a voice note or video describing the picture — the more detail, the better!"
2026-10-07,14.png,"🖼️ WEDNESDAY PICTURE CHALLENGE 🖼️
Good morning everybody! 👋

📍 This week's scene: A large office meeting 💼

🎯 Try to describe what you see! Focus on:
🗣️ Business English — meetings, presentations, ideas
🙆 Body language — what do people's gestures tell you?
📊 What is happening in the meeting right now?

🗣️ Send a voice note or video describing the picture — the more detail, the better!"
2026-10-14,15.png,"🖼️ WEDNESDAY PICTURE CHALLENGE 🖼️
Good morning everybody! 👋

📍 This week's scene: A hospital waiting room 🏥

🎯 Try to describe what you see! Focus on:
🩺 Health vocabulary — patients, doctors, symptoms
😟 Emotions — how do the people seem to feel?
🤔 Speculate — why might each person be there? (maybe, might, could)

🗣️ Send a voice note or video describing the picture — the more detail, the better!"
2026-10-21,16.png,"🖼️ WEDNESDAY PICTURE CHALLENGE 🖼️
Good morning everybody! 👋

📍 This week's scene: A construction site 🏗️

🎯 Try to describe what you see! Focus on:
👷 Jobs — who is working here and what do they do?
🦺 Safety equipment — helmets, vests, gloves…
🔨 Actions — what is each worker doing?

🗣️ Send a voice note or video describing the picture — the more detail, the better!"
2026-10-28,17.png,"🖼️ WEDNESDAY PICTURE CHALLENGE 🖼️
Good morning everybody! 👋

📍 This week's scene: A restaurant kitchen during dinner service 🍳

🎯 Try to describe what you see! Focus on:
🔥 Describe the fast-paced action
🧑‍🍳 Teamwork — how are the cooks working together?
🍽️ What is being prepared right now?

🗣️ Send a voice note or video describing the picture — the more detail, the better!"
2026-11-04,18.png,"🖼️ WEDNESDAY PICTURE CHALLENGE 🖼️
Good morning everybody! 👋

📍 This week's scene: Camping beside a lake at sunset 🏕️

🎯 Try to describe what you see! Focus on:
🌅 Nature — describe the lake, sky and surroundings
😌 The atmosphere — how does the scene feel?
📖 Tell a short story — what are these campers doing?

🗣️ Send a voice note or video describing the picture — the more detail, the better!"
2026-11-11,19.png,"🖼️ WEDNESDAY PICTURE CHALLENGE 🖼️
Good morning everybody! 👋

📍 This week's scene: A busy shopping mall during a holiday sale 🛍️

🎯 Try to describe what you see! Focus on:
👨‍👩‍👧‍👦 Crowds — describe how busy it is
🏷️ Advertisements — what sales and signs can you see?
🚶 Movement — how are people moving through the mall?

🗣️ Send a voice note or video describing the picture — the more detail, the better!"
2026-11-18,20.png,"🖼️ WEDNESDAY PICTURE CHALLENGE 🖼️
Good morning everybody! 👋

📍 This week's scene: A music festival at night 🎶

🎯 Try to describe what you see! Focus on:
💡 Lights — describe the stage and the atmosphere
🎤 Concert vocabulary — crowd, band, performance
🤩 Emotions — how does the crowd feel?

🗣️ Send a voice note or video describing the picture — the more detail, the better!"
2026-11-25,21.png,"🖼️ WEDNESDAY PICTURE CHALLENGE 🖼️
Good morning everybody! 👋

📍 This week's scene: A carnival / amusement park 🎡

🎯 Try to describe what you see! Focus on:
🎠 Describe several things happening at the same time
🎢 The rides and attractions
😃 What are different people doing right now?

🗣️ Send a voice note or video describing the picture — the more detail, the better!"
2026-12-02,22.png,"🖼️ WEDNESDAY PICTURE CHALLENGE 🖼️
Good morning everybody! 👋

📍 This week's scene: A small village after a snowstorm ❄️

🎯 Try to describe what you see! Focus on:
🌨️ The weather — describe the snow and the cold
🏡 Daily life — what are the villagers doing?
🔮 Predictions — what might happen next? (will, going to)

🗣️ Send a voice note or video describing the picture — the more detail, the better!"
2026-12-09,23.png,"🖼️ WEDNESDAY PICTURE CHALLENGE 🖼️
Good morning everybody! 👋

📍 This week's scene: A harbour with fishing boats and workers ⚓

🎯 Try to describe what you see! Focus on:
🎣 Occupations — who works at the harbour?
🚤 Transportation — describe the boats and the water
📦 What are the workers doing right now?

🗣️ Send a voice note or video describing the picture — the more detail, the better!"
2026-12-16,24.png,"🖼️ WEDNESDAY PICTURE CHALLENGE 🖼️
Good morning everybody! 👋

📍 This week's scene: An auto repair garage 🔧

🎯 Try to describe what you see! Focus on:
🧰 Tools — name the equipment you can see
🚗 Mechanical vocabulary — engine, tyres, repairs
🧑‍🔧 What are the mechanics doing?

🗣️ Send a voice note or video describing the picture — the more detail, the better!"
2026-12-23,25.png,"🖼️ WEDNESDAY PICTURE CHALLENGE 🖼️
Good morning everybody! 👋

📍 This week's scene: An international street festival 🌍

🎯 Try to describe what you see! Focus on:
🎎 Different cultures — what do you notice?
🌮 Food, music and clothing from around the world
💃 What is happening throughout the festival?

🗣️ Send a voice note or video describing the picture — the more detail, the better!"
2026-12-30,26.png,"🖼️ WEDNESDAY PICTURE CHALLENGE 🖼️
Good morning everybody! 👋

📍 This week's scene: A large city square during a public event 🏙️

🎯 Try to describe what you see! Focus on:
🏙️ Give an advanced, detailed description
👥 Multiple stories — what's happening in different corners?
🎭 Describe the overall mood of the event

🗣️ Send a voice note or video describing the picture — the more detail, the better!"
